{
    "student": [
        {
            "full name": "Muhammad Fadil",
            "address": "Jln Independen No 18, Surakarta",
            "prodi": "Informatics",
            "age": 20,
            "pass": false,
            "subject": [
                "Website Programming",
                "Programming Algorithms",
                "Select Capita",
                1
            ],
            "mark": {
                "Linear Algebra": "AB",
                "Logika Matematika": "A"
            }
        },
        {
            "full name": "Budi Setiawan",
            "address": "Jln Pusaka Jawa No 12, Boyolali",
            "prodi": "Informatics",
            "age": 21,
            "pass": false,
            "subject": [
                "Computer Network",
                "Database System",
                "Thesis",
                1
            ],
            "mark": {
                "Linear Algebra": "A",
                "Logika Matematika": "A"
            }
        }
    ]
  }